{
  "HomeAssistant": {
    "Url": "http://homeassistant.local:8123",
    "Token": "eyJhbGciOiJIUzI1NiIsInR5cCI6IkpXVCJ9.eyJpc3MiOiJhYThhYjI0YWFkNzM0ZGIyYjBjN2IzOWQwY2U0NzM2YyIsImlhdCI6MTc0OTkzNTY5MSwiZXhwIjoyMDY1Mjk1NjkxfQ.qT5DPkPhAEbqOVNrQl0aUd1FHzHu81ftDeEM8R9EZLQ",
    "DebugMode": true
  },
  "Lights": [
    {
      "entity_id": "light.b40_ip_121",
      "position": {
        "x": 200,
        "y": 80,
        "z": 20
      }
    },
    {
      "entity_id": "light.b40_ip_122",
      "position": {
        "x": 0,
        "y": -50,
        "z": 120
      }
    },
    {
      "entity_id": "light.b40_ip_123",
      "position": {
        "x": 0,
        "y": -50,
        "z": 120
      }
    }
  ],
  "Scenarios": [
    {
      "name": "Default State",
      "priority": 0,
      "trigger": {
        "type": "always"
      },
      "outcome": [
        {
          "entity_id": "light.b40_ip_121",
          "rgb_color": [ 0, 255, 0 ],
          "brightness_pct": 100
        },
        {
          "entity_id": "light.b40_ip_122",
          "rgb_color": [ 0, 255, 0 ],
          "brightness_pct": 100
        },
        {
          "entity_id": "light.b40_ip_123",
          "rgb_color": [ 0, 255, 0 ],
          "brightness_pct": 100
        }
      ]
    },
    {
      "name": "Player In Combat",
      "priority": 20,
      "trigger": {
        "type": "player_in_combat"
      },
      "outcome": [
        {
          "entity_id": "light.b40_ip_121",
          "rgb_color": [ 255, 0, 0 ], 
          "brightness_pct": 100, 
          "effect": "scene", 
          "scene": "Alarm"
        },
        {
          "entity_id": "light.b40_ip_122",
          "rgb_color": [ 255, 0, 0 ], 
          "brightness_pct": 100, 
          "effect": "scene", 
          "scene": "Alarm"
        },
        {
          "entity_id": "light.b40_ip_123",
          "rgb_color": [ 255, 0, 0 ], 
          "brightness_pct": 100, 
          "effect": "scene", 
          "scene": "Alarm"
        }
      ]
    },
    {
      "name": "Night Time (Game Hour)",
      "priority": 5,
      "trigger": {
        "type": "game_hour_range",
        "min_hour": 20,
        "max_hour": 6
      },
      "outcome": [
        {
          "entity_id": "light.b40_ip_121",
          "rgb_color": [ 0, 0, 255 ],
          "brightness_pct": 100
        },
        {
          "entity_id": "light.b40_ip_122",
          "rgb_color": [ 0, 0, 255 ],
          "brightness_pct": 100
        },
        {
          "entity_id": "light.b40_ip_123",
          "rgb_color": [ 0, 0, 255 ],
          "brightness_pct": 100
        }
      ]
    },
    {
      "name": "Near Fire",
      "priority": 50,
      "trigger": {
        "type": "near_object",
        "object_type": "fire",
        "radius": 400
      },
      "outcome": [
        {
          "entity_id": "light.b40_ip_121",
          "rgb_color": [ 255, 140, 0 ],
          "brightness_pct": 70,
          "effect": "flicker",
          "flicker": {
            "r": 120,
            "g": 80,
            "b": 20,
            "brightness": 40
          }
        },
        {
          "entity_id": "light.b40_ip_122",
          "inherit": true
        },
        {
          "entity_id": "light.b40_ip_123",
          "inherit": true
        }
      ]
    },
    {
      "name": "Torch Equipped",
      "priority": 100,
      "trigger": { "type": "torch_equipped" },
      "outcome": [
        {
          "entity_id": "light.b40_ip_121",
          "rgb_color": [ 255, 140, 0 ],
          "brightness_pct": 70,
          "effect": "flicker",
          "flicker": {
            "r": 120,
            "g": 80,
            "b": 20,
            "brightness": 40
          }
        },
        {
          "entity_id": "light.b40_ip_122",
          "rgb_color": [ 255, 140, 0 ],
          "brightness_pct": 70,
          "effect": "flicker",
          "flicker": {
            "r": 120,
            "g": 80,
            "b": 20,
            "brightness": 40
          }
        },
        {
          "entity_id": "light.b40_ip_123",
          "inherit": true
        }
      ]
    }
  ]
}