{
  "default-registry": {
    "kind": "git",
    "repository": "https://github.com/microsoft/vcpkg.git",
    "baseline": "cc288af760054fa489574bd8e22d05aa8fa01e5c"
  },
  "registries": [
    {
      "kind": "git",
      "repository": "https://gitlab.com/colorglass/vcpkg-colorglass",
      "baseline": "9eae9f03f03e0ca96fce5031f44f4e64cd6debdc",
      "packages": [
        "commonlibsse-ng",
        "commonlibsse-ng-ae",
        "commonlibsse-ng-se",
        "commonlibsse-ng-vr",
        "commonlibsse-ng-flatrim"
      ]
    }
  ]
}